{
  "train_loss": [
    1.5182315501739274,
    1.3362137581775384,
    1.1463337158317117,
    0.9913619795502059,
    0.9027125719008349,
    0.9464692459416872
  ],
  "train_acc": [
    0.6809631803628602,
    0.7559364994663821,
    0.8290088046958378,
    0.893309765208111,
    0.9306963713980789,
    0.9057830843116329
  ],
  "val_loss": [
    1.173663453530457,
    0.9597463072356531,
    0.8917272990032777,
    0.8442820356053821,
    0.8258473004324961,
    0.7936795197300992
  ],
  "val_acc": [
    0.8248,
    0.9125333333333333,
    0.9341333333333334,
    0.9505333333333333,
    0.9556,
    0.9648
  ],
  "learning_rates": [
    3.3333333333333335e-05,
    3.3333333333333335e-05,
    6.666666666666667e-05,
    3.3333333333333335e-05,
    6.666666666666667e-05,
    0.0001
  ]
}